scenario,comfort_pct,IAE_total,IAE_heat,IAE_cool
fixed_22,13.422818791946309,285.35,106.0,179.35
adaptive,16.666666666666664,263.20000000000005,91.60000000000001,171.60000000000002
